{"cameraMode":{"drawMode":0,"name":"Shaded","section":"Shading Mode"},"sceneLighting":false,"audioPlay":false,"sceneViewState":{"m_AlwaysRefresh":false,"showFog":true,"showSkybox":false,"showFlares":true,"showImageEffects":true,"showParticleSystems":true,"showVisualEffectGraphs":true,"m_FxEnabled":true},"in2DMode":false,"pivot":{"x":0.17001818120479585,"y":0.8780815005302429,"z":-0.49271488189697268},"rotation":{"x":0.4720178246498108,"y":-0.043929848819971088,"z":0.023563506081700326,"w":0.8801783323287964},"size":0.7316755652427673,"orthographic":false}