{"cameraMode":{"drawMode":0,"name":"Shaded","section":"Shading Mode"},"sceneLighting":false,"audioPlay":false,"sceneViewState":{"m_AlwaysRefresh":false,"showFog":true,"showSkybox":false,"showFlares":true,"showImageEffects":true,"showParticleSystems":true,"showVisualEffectGraphs":true,"m_FxEnabled":true},"in2DMode":false,"pivot":{"x":-0.6946601867675781,"y":1.2023520469665528,"z":-0.18865394592285157},"rotation":{"x":-0.1775975376367569,"y":-0.051009874790906909,"z":0.009377810172736645,"w":-0.9826525449752808},"size":10.663111686706543,"orthographic":false}