{"cameraMode":{"drawMode":0,"name":"Shaded","section":"Shading Mode"},"sceneLighting":true,"audioPlay":false,"sceneViewState":{"m_AlwaysRefresh":false,"showFog":true,"showSkybox":false,"showFlares":true,"showImageEffects":true,"showParticleSystems":true,"showVisualEffectGraphs":true,"m_FxEnabled":true},"in2DMode":false,"pivot":{"x":0.9998593330383301,"y":1.4372811317443848,"z":-0.12758541107177735},"rotation":{"x":-0.15758776664733888,"y":-0.11319908499717713,"z":0.01817399263381958,"w":-0.9808017611503601},"size":2.2990479469299318,"orthographic":false}